term,action,risk_category,match_field,match_type,source_type,note,enabled
alcohol,REVIEW,alcohol,all,contains,shopee_policy,Alcohol-related review term,TRUE
tobacco,BLOCK,tobacco_or_vape,all,contains,shopee_policy,Tobacco-related term,TRUE
vape,BLOCK,tobacco_or_vape,all,contains,shopee_policy,Vape-related term,TRUE
電子タバコ,BLOCK,tobacco_or_vape,all,contains,shopee_policy,Vape or e-cigarette term,TRUE
モバイルバッテリー,REVIEW,shipping_restricted,all,contains,internal_rule,Battery-powered item requires shipping and logistics review,TRUE
PowerCore,REVIEW,shipping_restricted,all,contains,internal_rule,Battery-powered product line requires shipping and logistics review,TRUE
B000FQTRS0,BLOCK,own_penalty_product,asin,exact,own_penalty_case,Own Shopee SG penalty and delist case for Kaminomoto S-II / S-2,TRUE
薬用加美乃素S-II,BLOCK,own_penalty_product,title,contains,own_penalty_case,Own Shopee SG penalty and delist case for Kaminomoto S-II / S-2,TRUE
薬用加美乃素S-2,BLOCK,own_penalty_product,title,contains,own_penalty_case,Own Shopee SG penalty and delist case for Kaminomoto S-II / S-2,TRUE
加美乃素S-II,BLOCK,own_penalty_product,title,contains,own_penalty_case,Own Shopee SG penalty and delist case for Kaminomoto S-II / S-2,TRUE
加美乃素S-2,BLOCK,own_penalty_product,title,contains,own_penalty_case,Own Shopee SG penalty and delist case for Kaminomoto S-II / S-2,TRUE
Kaminomoto S-II,BLOCK,own_penalty_product,title,contains,own_penalty_case,Own Shopee SG penalty and delist case for Kaminomoto S-II / S-2,TRUE
Kaminomoto S-2,BLOCK,own_penalty_product,title,contains,own_penalty_case,Own Shopee SG penalty and delist case for Kaminomoto S-II / S-2,TRUE
塩酸ジフェンヒドラミン,BLOCK,regulated_ingredient,title,contains,internal_rule,Conservative regulated-ingredient rule; this ingredient was not specifically identified in the Shopee penalty notice,TRUE
diphenhydramine,BLOCK,regulated_ingredient,title,contains,internal_rule,Conservative regulated-ingredient rule; this ingredient was not specifically identified in the Shopee penalty notice,TRUE
diphenhydramine hydrochloride,BLOCK,regulated_ingredient,title,contains,internal_rule,Conservative regulated-ingredient rule; this ingredient was not specifically identified in the Shopee penalty notice,TRUE
医薬部外品,BLOCK,medical_or_therapeutic,all,contains,internal_rule,Japanese quasi-drug category is blocked for SG mass-listing safety,TRUE
quasi-drug,BLOCK,medical_or_therapeutic,all,contains,internal_rule,Japanese quasi-drug category risk,TRUE
薬用,BLOCK,medical_or_therapeutic,title,contains,internal_rule,Medicated or quasi-drug expression risk in product title,TRUE
有効成分,REVIEW,medical_or_therapeutic,title,contains,internal_rule,Active ingredient expression risk; review product context,TRUE
発毛促進,BLOCK,medical_or_therapeutic,title,contains,internal_rule,Hair-growth therapeutic claim risk in product title,TRUE
育毛,BLOCK,medical_or_therapeutic,title,contains,internal_rule,Hair-growth or scalp-treatment claim risk in product title,TRUE
hair growth,BLOCK,medical_or_therapeutic,title,contains,internal_rule,Hair-growth therapeutic claim risk in product title,TRUE
hair loss,BLOCK,medical_or_therapeutic,title,contains,internal_rule,Hair-loss treatment claim risk in product title,TRUE
air cooler,REVIEW,controlled_goods_unverified,title,contains,shopee_policy,"CG-001; Official category: Air cooler; title alone cannot determine main item or accessory; physical Controlled Goods main item is company-policy BLOCK.",TRUE
evaporative air cooler,REVIEW,controlled_goods_unverified,title,contains,shopee_policy,"CG-001; Official category: Air cooler; title alone cannot determine main item or accessory; physical Controlled Goods main item is company-policy BLOCK.",TRUE
水冷式冷風扇,REVIEW,controlled_goods_unverified,title,contains,shopee_policy,"CG-001; Official category: Air cooler; title alone cannot determine main item or accessory; physical Controlled Goods main item is company-policy BLOCK.",TRUE
13A plug fuse,REVIEW,controlled_goods_unverified,title,contains,shopee_policy,"CG-002; Official category: Fuse (≤13A) for use in a plug; title alone cannot determine main item or accessory; physical Controlled Goods main item is company-policy BLOCK.",TRUE
BS1362 fuse,REVIEW,controlled_goods_unverified,title,contains,shopee_policy,"CG-002; Official category: Fuse (≤13A) for use in a plug; title alone cannot determine main item or accessory; physical Controlled Goods main item is company-policy BLOCK.",TRUE
プラグ用13Aヒューズ,REVIEW,controlled_goods_unverified,title,contains,shopee_policy,"CG-002; Official category: Fuse (≤13A) for use in a plug; title alone cannot determine main item or accessory; physical Controlled Goods main item is company-policy BLOCK.",TRUE
room air conditioner,REVIEW,controlled_goods_unverified,title,contains,shopee_policy,"CG-003; Official category: Room air-conditioner; title alone cannot determine main item or accessory; physical Controlled Goods main item is company-policy BLOCK.",TRUE
window air conditioner,REVIEW,controlled_goods_unverified,title,contains,shopee_policy,"CG-003; Official category: Room air-conditioner; title alone cannot determine main item or accessory; physical Controlled Goods main item is company-policy BLOCK.",TRUE
ルームエアコン,REVIEW,controlled_goods_unverified,title,contains,shopee_policy,"CG-003; Official category: Room air-conditioner; title alone cannot determine main item or accessory; physical Controlled Goods main item is company-policy BLOCK.",TRUE
table lamp,REVIEW,controlled_goods_unverified,title,contains,shopee_policy,"CG-004; Official category: Table lamp / standing lamp; title alone cannot determine main item or accessory; physical Controlled Goods main item is company-policy BLOCK.",TRUE
standing lamp,REVIEW,controlled_goods_unverified,title,contains,shopee_policy,"CG-004; Official category: Table lamp / standing lamp; title alone cannot determine main item or accessory; physical Controlled Goods main item is company-policy BLOCK.",TRUE
floor lamp,REVIEW,controlled_goods_unverified,title,contains,shopee_policy,"CG-004; Official category: Table lamp / standing lamp; title alone cannot determine main item or accessory; physical Controlled Goods main item is company-policy BLOCK.",TRUE
卓上ランプ,REVIEW,controlled_goods_unverified,title,contains,shopee_policy,"CG-004; Official category: Table lamp / standing lamp; title alone cannot determine main item or accessory; physical Controlled Goods main item is company-policy BLOCK.",TRUE
AC adapter,REVIEW,controlled_goods_unverified,title,contains,shopee_policy,"CG-005; Official category: AC Adaptors; title alone cannot determine main item or accessory; physical Controlled Goods main item is company-policy BLOCK.",TRUE
AC adaptor,REVIEW,controlled_goods_unverified,title,contains,shopee_policy,"CG-005; Official category: AC Adaptors; title alone cannot determine main item or accessory; physical Controlled Goods main item is company-policy BLOCK.",TRUE
電源アダプター,REVIEW,controlled_goods_unverified,title,contains,shopee_policy,"CG-005; Official category: AC Adaptors; title alone cannot determine main item or accessory; physical Controlled Goods main item is company-policy BLOCK.",TRUE
mains powered audio system,REVIEW,controlled_goods_unverified,title,contains,shopee_policy,"CG-006; Official category: Audio and video products; title alone cannot determine main item or accessory; physical Controlled Goods main item is company-policy BLOCK.",TRUE
AC powered video player,REVIEW,controlled_goods_unverified,title,contains,shopee_policy,"CG-006; Official category: Audio and video products; title alone cannot determine main item or accessory; physical Controlled Goods main item is company-policy BLOCK.",TRUE
electric coffee maker,REVIEW,controlled_goods_unverified,title,contains,shopee_policy,"CG-007; Official category: Coffee maker, slow cooker, steamboat and similar appliances; title alone cannot determine main item or accessory; physical Controlled Goods main item is company-policy BLOCK.",TRUE
slow cooker,REVIEW,controlled_goods_unverified,title,contains,shopee_policy,"CG-007; Official category: Coffee maker, slow cooker, steamboat and similar appliances; title alone cannot determine main item or accessory; physical Controlled Goods main item is company-policy BLOCK.",TRUE
electric steamboat,REVIEW,controlled_goods_unverified,title,contains,shopee_policy,"CG-007; Official category: Coffee maker, slow cooker, steamboat and similar appliances; title alone cannot determine main item or accessory; physical Controlled Goods main item is company-policy BLOCK.",TRUE
decorative lighting chain,REVIEW,controlled_goods_unverified,title,contains,shopee_policy,"CG-008; Official category: Decorative lighting chain; title alone cannot determine main item or accessory; physical Controlled Goods main item is company-policy BLOCK.",TRUE
mains string lights,REVIEW,controlled_goods_unverified,title,contains,shopee_policy,"CG-008; Official category: Decorative lighting chain; title alone cannot determine main item or accessory; physical Controlled Goods main item is company-policy BLOCK.",TRUE
ロープライト,REVIEW,controlled_goods_unverified,title,contains,shopee_policy,"CG-008; Official category: Decorative lighting chain; title alone cannot determine main item or accessory; physical Controlled Goods main item is company-policy BLOCK.",TRUE
ceiling fan,REVIEW,controlled_goods_unverified,title,contains,shopee_policy,"CG-009; Official category: Fans; title alone cannot determine main item or accessory; physical Controlled Goods main item is company-policy BLOCK.",TRUE
table fan,REVIEW,controlled_goods_unverified,title,contains,shopee_policy,"CG-009; Official category: Fans; title alone cannot determine main item or accessory; physical Controlled Goods main item is company-policy BLOCK.",TRUE
standing fan,REVIEW,controlled_goods_unverified,title,contains,shopee_policy,"CG-009; Official category: Fans; title alone cannot determine main item or accessory; physical Controlled Goods main item is company-policy BLOCK.",TRUE
wall fan,REVIEW,controlled_goods_unverified,title,contains,shopee_policy,"CG-009; Official category: Fans; title alone cannot determine main item or accessory; physical Controlled Goods main item is company-policy BLOCK.",TRUE
扇風機,REVIEW,controlled_goods_unverified,title,contains,shopee_policy,"CG-009; Official category: Fans; title alone cannot determine main item or accessory; physical Controlled Goods main item is company-policy BLOCK.",TRUE
gas canister,REVIEW,controlled_goods_unverified,title,contains,shopee_policy,"CG-010; Official category: Gas canister; title alone cannot determine main item or accessory; physical Controlled Goods main item is company-policy BLOCK.",TRUE
butane canister,REVIEW,controlled_goods_unverified,title,contains,shopee_policy,"CG-010; Official category: Gas canister; title alone cannot determine main item or accessory; physical Controlled Goods main item is company-policy BLOCK.",TRUE
カセットガス,REVIEW,controlled_goods_unverified,title,contains,shopee_policy,"CG-010; Official category: Gas canister; title alone cannot determine main item or accessory; physical Controlled Goods main item is company-policy BLOCK.",TRUE
hair dryer,REVIEW,controlled_goods_unverified,title,contains,shopee_policy,"CG-011; Official category: Hair care appliances; title alone cannot determine main item or accessory; physical Controlled Goods main item is company-policy BLOCK.",TRUE
hair curler,REVIEW,controlled_goods_unverified,title,contains,shopee_policy,"CG-011; Official category: Hair care appliances; title alone cannot determine main item or accessory; physical Controlled Goods main item is company-policy BLOCK.",TRUE
hair straightener,REVIEW,controlled_goods_unverified,title,contains,shopee_policy,"CG-011; Official category: Hair care appliances; title alone cannot determine main item or accessory; physical Controlled Goods main item is company-policy BLOCK.",TRUE
ヘアドライヤー,REVIEW,controlled_goods_unverified,title,contains,shopee_policy,"CG-011; Official category: Hair care appliances; title alone cannot determine main item or accessory; physical Controlled Goods main item is company-policy BLOCK.",TRUE
desktop computer system,REVIEW,controlled_goods_unverified,title,contains,shopee_policy,"CG-012; Official category: Home computer system; title alone cannot determine main item or accessory; physical Controlled Goods main item is company-policy BLOCK.",TRUE
home computer system,REVIEW,controlled_goods_unverified,title,contains,shopee_policy,"CG-012; Official category: Home computer system; title alone cannot determine main item or accessory; physical Controlled Goods main item is company-policy BLOCK.",TRUE
デスクトップPC本体,REVIEW,controlled_goods_unverified,title,contains,shopee_policy,"CG-012; Official category: Home computer system; title alone cannot determine main item or accessory; physical Controlled Goods main item is company-policy BLOCK.",TRUE
steam iron,REVIEW,controlled_goods_unverified,title,contains,shopee_policy,"CG-013; Official category: Iron; title alone cannot determine main item or accessory; physical Controlled Goods main item is company-policy BLOCK.",TRUE
electric clothes iron,REVIEW,controlled_goods_unverified,title,contains,shopee_policy,"CG-013; Official category: Iron; title alone cannot determine main item or accessory; physical Controlled Goods main item is company-policy BLOCK.",TRUE
衣類用アイロン,REVIEW,controlled_goods_unverified,title,contains,shopee_policy,"CG-013; Official category: Iron; title alone cannot determine main item or accessory; physical Controlled Goods main item is company-policy BLOCK.",TRUE
downlight isolating transformer,REVIEW,controlled_goods_unverified,title,contains,shopee_policy,"CG-014; Official category: Isolating transformer for downlight fitting; title alone cannot determine main item or accessory; physical Controlled Goods main item is company-policy BLOCK.",TRUE
ダウンライト用絶縁トランス,REVIEW,controlled_goods_unverified,title,contains,shopee_policy,"CG-014; Official category: Isolating transformer for downlight fitting; title alone cannot determine main item or accessory; physical Controlled Goods main item is company-policy BLOCK.",TRUE
electric mixer,REVIEW,controlled_goods_unverified,title,contains,shopee_policy,"CG-015; Official category: Kitchen machines; title alone cannot determine main item or accessory; physical Controlled Goods main item is company-policy BLOCK.",TRUE
electric blender,REVIEW,controlled_goods_unverified,title,contains,shopee_policy,"CG-015; Official category: Kitchen machines; title alone cannot determine main item or accessory; physical Controlled Goods main item is company-policy BLOCK.",TRUE
electric mincer,REVIEW,controlled_goods_unverified,title,contains,shopee_policy,"CG-015; Official category: Kitchen machines; title alone cannot determine main item or accessory; physical Controlled Goods main item is company-policy BLOCK.",TRUE
lamp control gear,REVIEW,controlled_goods_unverified,title,contains,shopee_policy,"CG-016; Official category: Lamp control gears; title alone cannot determine main item or accessory; physical Controlled Goods main item is company-policy BLOCK.",TRUE
mains LED driver,REVIEW,controlled_goods_unverified,title,contains,shopee_policy,"CG-016; Official category: Lamp control gears; title alone cannot determine main item or accessory; physical Controlled Goods main item is company-policy BLOCK.",TRUE
蛍光灯安定器,REVIEW,controlled_goods_unverified,title,contains,shopee_policy,"CG-016; Official category: Lamp control gears; title alone cannot determine main item or accessory; physical Controlled Goods main item is company-policy BLOCK.",TRUE
electric kettle,REVIEW,controlled_goods_unverified,title,contains,shopee_policy,"CG-017; Official category: Liquid heating appliances; title alone cannot determine main item or accessory; physical Controlled Goods main item is company-policy BLOCK.",TRUE
hot water dispenser,REVIEW,controlled_goods_unverified,title,contains,shopee_policy,"CG-017; Official category: Liquid heating appliances; title alone cannot determine main item or accessory; physical Controlled Goods main item is company-policy BLOCK.",TRUE
microwave oven,REVIEW,controlled_goods_unverified,title,contains,shopee_policy,"CG-018; Official category: Microwave oven; title alone cannot determine main item or accessory; physical Controlled Goods main item is company-policy BLOCK.",TRUE
電子レンジ,REVIEW,controlled_goods_unverified,title,contains,shopee_policy,"CG-018; Official category: Microwave oven; title alone cannot determine main item or accessory; physical Controlled Goods main item is company-policy BLOCK.",TRUE
multi plug adaptor,REVIEW,controlled_goods_unverified,title,contains,shopee_policy,"CG-019; Official category: Multi-way Adaptor; title alone cannot determine main item or accessory; physical Controlled Goods main item is company-policy BLOCK.",TRUE
portable socket outlet,REVIEW,controlled_goods_unverified,title,contains,shopee_policy,"CG-020; Official category: Portable socket-outlet; title alone cannot determine main item or accessory; physical Controlled Goods main item is company-policy BLOCK.",TRUE
power strip,REVIEW,controlled_goods_unverified,title,contains,shopee_policy,"CG-020; Official category: Portable socket-outlet; title alone cannot determine main item or accessory; physical Controlled Goods main item is company-policy BLOCK.",TRUE
電源タップ,REVIEW,controlled_goods_unverified,title,contains,shopee_policy,"CG-020; Official category: Portable socket-outlet; title alone cannot determine main item or accessory; physical Controlled Goods main item is company-policy BLOCK.",TRUE
RCCB,REVIEW,controlled_goods_unverified,title,contains,shopee_policy,"CG-021; Official category: Residual Current Circuit Breaker (RCCB); title alone cannot determine main item or accessory; physical Controlled Goods main item is company-policy BLOCK.",TRUE
residual current circuit breaker,REVIEW,controlled_goods_unverified,title,contains,shopee_policy,"CG-021; Official category: Residual Current Circuit Breaker (RCCB); title alone cannot determine main item or accessory; physical Controlled Goods main item is company-policy BLOCK.",TRUE
漏電遮断器,REVIEW,controlled_goods_unverified,title,contains,shopee_policy,"CG-021; Official category: Residual Current Circuit Breaker (RCCB); title alone cannot determine main item or accessory; physical Controlled Goods main item is company-policy BLOCK.",TRUE
electric rice cooker,REVIEW,controlled_goods_unverified,title,contains,shopee_policy,"CG-022; Official category: Rice cooker; title alone cannot determine main item or accessory; physical Controlled Goods main item is company-policy BLOCK.",TRUE
炊飯器,REVIEW,controlled_goods_unverified,title,contains,shopee_policy,"CG-022; Official category: Rice cooker; title alone cannot determine main item or accessory; physical Controlled Goods main item is company-policy BLOCK.",TRUE
electric cooking range,REVIEW,controlled_goods_unverified,title,contains,shopee_policy,"CG-023; Official category: Stationary cooking appliances; title alone cannot determine main item or accessory; physical Controlled Goods main item is company-policy BLOCK.",TRUE
electric hob,REVIEW,controlled_goods_unverified,title,contains,shopee_policy,"CG-023; Official category: Stationary cooking appliances; title alone cannot determine main item or accessory; physical Controlled Goods main item is company-policy BLOCK.",TRUE
built-in electric oven,REVIEW,controlled_goods_unverified,title,contains,shopee_policy,"CG-023; Official category: Stationary cooking appliances; title alone cannot determine main item or accessory; physical Controlled Goods main item is company-policy BLOCK.",TRUE
electric toaster,REVIEW,controlled_goods_unverified,title,contains,shopee_policy,"CG-024; Official category: Toaster, grill, roaster, hot plate, deep fryer, wok and similar appliances; title alone cannot determine main item or accessory; physical Controlled Goods main item is company-policy BLOCK.",TRUE
electric grill,REVIEW,controlled_goods_unverified,title,contains,shopee_policy,"CG-024; Official category: Toaster, grill, roaster, hot plate, deep fryer, wok and similar appliances; title alone cannot determine main item or accessory; physical Controlled Goods main item is company-policy BLOCK.",TRUE
トースター,REVIEW,controlled_goods_unverified,title,contains,shopee_policy,"CG-024; Official category: Toaster, grill, roaster, hot plate, deep fryer, wok and similar appliances; title alone cannot determine main item or accessory; physical Controlled Goods main item is company-policy BLOCK.",TRUE
vacuum cleaner,REVIEW,controlled_goods_unverified,title,contains,shopee_policy,"CG-025; Official category: Vacuum cleaner; title alone cannot determine main item or accessory; physical Controlled Goods main item is company-policy BLOCK.",TRUE
robot vacuum,REVIEW,controlled_goods_unverified,title,contains,shopee_policy,"CG-025; Official category: Vacuum cleaner; title alone cannot determine main item or accessory; physical Controlled Goods main item is company-policy BLOCK.",TRUE
掃除機,REVIEW,controlled_goods_unverified,title,contains,shopee_policy,"CG-025; Official category: Vacuum cleaner; title alone cannot determine main item or accessory; physical Controlled Goods main item is company-policy BLOCK.",TRUE
washing machine,REVIEW,controlled_goods_unverified,title,contains,shopee_policy,"CG-026; Official category: Washing machine; title alone cannot determine main item or accessory; physical Controlled Goods main item is company-policy BLOCK.",TRUE
washer dryer,REVIEW,controlled_goods_unverified,title,contains,shopee_policy,"CG-026; Official category: Washing machine; title alone cannot determine main item or accessory; physical Controlled Goods main item is company-policy BLOCK.",TRUE
洗濯機,REVIEW,controlled_goods_unverified,title,contains,shopee_policy,"CG-026; Official category: Washing machine; title alone cannot determine main item or accessory; physical Controlled Goods main item is company-policy BLOCK.",TRUE
13A plug,REVIEW,controlled_goods_unverified,title,contains,shopee_policy,"CG-027; Official category: 3-pin mains plugs; title alone cannot determine main item or accessory; physical Controlled Goods main item is company-policy BLOCK.",TRUE
LPG hose,REVIEW,controlled_goods_unverified,title,contains,shopee_policy,"CG-028; Official category: Components of the LPG system; title alone cannot determine main item or accessory; physical Controlled Goods main item is company-policy BLOCK.",TRUE
LPG regulator,REVIEW,controlled_goods_unverified,title,contains,shopee_policy,"CG-028; Official category: Components of the LPG system; title alone cannot determine main item or accessory; physical Controlled Goods main item is company-policy BLOCK.",TRUE
LPG cylinder valve,REVIEW,controlled_goods_unverified,title,contains,shopee_policy,"CG-028; Official category: Components of the LPG system; title alone cannot determine main item or accessory; physical Controlled Goods main item is company-policy BLOCK.",TRUE
domestic wall switch,REVIEW,controlled_goods_unverified,title,contains,shopee_policy,"CG-029; Official category: Domestic electric wall switch; title alone cannot determine main item or accessory; physical Controlled Goods main item is company-policy BLOCK.",TRUE
mains wall switch,REVIEW,controlled_goods_unverified,title,contains,shopee_policy,"CG-029; Official category: Domestic electric wall switch; title alone cannot determine main item or accessory; physical Controlled Goods main item is company-policy BLOCK.",TRUE
壁スイッチ,REVIEW,controlled_goods_unverified,title,contains,shopee_policy,"CG-029; Official category: Domestic electric wall switch; title alone cannot determine main item or accessory; physical Controlled Goods main item is company-policy BLOCK.",TRUE
gas cooker,REVIEW,controlled_goods_unverified,title,contains,shopee_policy,"CG-030; Official category: Gas cooking appliances; title alone cannot determine main item or accessory; physical Controlled Goods main item is company-policy BLOCK.",TRUE
portable gas stove,REVIEW,controlled_goods_unverified,title,contains,shopee_policy,"CG-030; Official category: Gas cooking appliances; title alone cannot determine main item or accessory; physical Controlled Goods main item is company-policy BLOCK.",TRUE
gas hob,REVIEW,controlled_goods_unverified,title,contains,shopee_policy,"CG-030; Official category: Gas cooking appliances; title alone cannot determine main item or accessory; physical Controlled Goods main item is company-policy BLOCK.",TRUE
ガスコンロ,REVIEW,controlled_goods_unverified,title,contains,shopee_policy,"CG-030; Official category: Gas cooking appliances; title alone cannot determine main item or accessory; physical Controlled Goods main item is company-policy BLOCK.",TRUE
13A socket outlet,REVIEW,controlled_goods_unverified,title,contains,shopee_policy,"CG-031; Official category: Main socket-outlets; title alone cannot determine main item or accessory; physical Controlled Goods main item is company-policy BLOCK.",TRUE
15A socket outlet,REVIEW,controlled_goods_unverified,title,contains,shopee_policy,"CG-031; Official category: Main socket-outlets; title alone cannot determine main item or accessory; physical Controlled Goods main item is company-policy BLOCK.",TRUE
壁コンセント,REVIEW,controlled_goods_unverified,title,contains,shopee_policy,"CG-031; Official category: Main socket-outlets; title alone cannot determine main item or accessory; physical Controlled Goods main item is company-policy BLOCK.",TRUE
冷蔵庫,REVIEW,controlled_goods_unverified,title,contains,shopee_policy,"CG-032; Official category: Refrigerators; title alone cannot determine main item or accessory; physical Controlled Goods main item is company-policy BLOCK.",TRUE
electric water heater,REVIEW,controlled_goods_unverified,title,contains,shopee_policy,"CG-033; Official category: Water heaters; title alone cannot determine main item or accessory; physical Controlled Goods main item is company-policy BLOCK.",TRUE
instant water heater,REVIEW,controlled_goods_unverified,title,contains,shopee_policy,"CG-033; Official category: Water heaters; title alone cannot determine main item or accessory; physical Controlled Goods main item is company-policy BLOCK.",TRUE
電気温水器,REVIEW,controlled_goods_unverified,title,contains,shopee_policy,"CG-033; Official category: Water heaters; title alone cannot determine main item or accessory; physical Controlled Goods main item is company-policy BLOCK.",TRUE
condom,REVIEW,license_or_certification_required,title,contains,shopee_policy,"LIC-001; Category: Condoms; title alone cannot determine the product body; physical target is company-policy BLOCK in normal cross-border operations.",TRUE
condoms,REVIEW,license_or_certification_required,title,contains,shopee_policy,"LIC-001; Category: Condoms; title alone cannot determine the product body; physical target is company-policy BLOCK in normal cross-border operations.",TRUE
コンドーム,REVIEW,license_or_certification_required,title,contains,shopee_policy,"LIC-001; Category: Condoms; title alone cannot determine the product body; physical target is company-policy BLOCK in normal cross-border operations.",TRUE
medical device,REVIEW,license_or_certification_required,title,contains,shopee_policy,"LIC-002; Category: Medical devices and supplies; title alone cannot determine the product body; physical target is company-policy BLOCK in normal cross-border operations.",TRUE
medical supplies,REVIEW,license_or_certification_required,title,contains,shopee_policy,"LIC-002; Category: Medical devices and supplies; title alone cannot determine the product body; physical target is company-policy BLOCK in normal cross-border operations.",TRUE
医療機器,REVIEW,license_or_certification_required,title,contains,shopee_policy,"LIC-002; Category: Medical devices and supplies; title alone cannot determine the product body; physical target is company-policy BLOCK in normal cross-border operations.",TRUE
医療用品,REVIEW,license_or_certification_required,title,contains,shopee_policy,"LIC-002; Category: Medical devices and supplies; title alone cannot determine the product body; physical target is company-policy BLOCK in normal cross-border operations.",TRUE
prescription medicine,REVIEW,license_or_certification_required,title,contains,shopee_policy,"LIC-003; Category: Prescription and OTC medicines; title alone cannot determine the product body; physical target is company-policy BLOCK in normal cross-border operations.",TRUE
OTC medicine,REVIEW,license_or_certification_required,title,contains,shopee_policy,"LIC-003; Category: Prescription and OTC medicines; title alone cannot determine the product body; physical target is company-policy BLOCK in normal cross-border operations.",TRUE
処方薬,REVIEW,license_or_certification_required,title,contains,shopee_policy,"LIC-003; Category: Prescription and OTC medicines; title alone cannot determine the product body; physical target is company-policy BLOCK in normal cross-border operations.",TRUE
市販薬,REVIEW,license_or_certification_required,title,contains,shopee_policy,"LIC-003; Category: Prescription and OTC medicines; title alone cannot determine the product body; physical target is company-policy BLOCK in normal cross-border operations.",TRUE
医薬品,REVIEW,license_or_certification_required,title,contains,shopee_policy,"LIC-003; Category: Prescription and OTC medicines; title alone cannot determine the product body; physical target is company-policy BLOCK in normal cross-border operations.",TRUE
pet food,REVIEW,license_or_certification_required,title,contains,shopee_policy,"LIC-004; Category: Pet food; title alone cannot determine the product body; physical target is company-policy BLOCK in normal cross-border operations.",TRUE
dog food,REVIEW,license_or_certification_required,title,contains,shopee_policy,"LIC-004; Category: Pet food; title alone cannot determine the product body; physical target is company-policy BLOCK in normal cross-border operations.",TRUE
cat food,REVIEW,license_or_certification_required,title,contains,shopee_policy,"LIC-004; Category: Pet food; title alone cannot determine the product body; physical target is company-policy BLOCK in normal cross-border operations.",TRUE
ペットフード,REVIEW,license_or_certification_required,title,contains,shopee_policy,"LIC-004; Category: Pet food; title alone cannot determine the product body; physical target is company-policy BLOCK in normal cross-border operations.",TRUE
犬用フード,REVIEW,license_or_certification_required,title,contains,shopee_policy,"LIC-004; Category: Pet food; title alone cannot determine the product body; physical target is company-policy BLOCK in normal cross-border operations.",TRUE
猫用フード,REVIEW,license_or_certification_required,title,contains,shopee_policy,"LIC-004; Category: Pet food; title alone cannot determine the product body; physical target is company-policy BLOCK in normal cross-border operations.",TRUE
prepaid SIM card,REVIEW,license_or_certification_required,title,contains,shopee_policy,"LIC-005; Category: Prepaid SIM and top-up cards; title alone cannot determine the product body; physical target is company-policy BLOCK in normal cross-border operations.",TRUE
プリペイドSIMカード,REVIEW,license_or_certification_required,title,contains,shopee_policy,"LIC-005; Category: Prepaid SIM and top-up cards; title alone cannot determine the product body; physical target is company-policy BLOCK in normal cross-border operations.",TRUE
hoverboard,REVIEW,license_or_certification_required,title,contains,shopee_policy,"LIC-006; Category: Personal mobility devices; title alone cannot determine the product body; physical target is company-policy BLOCK in normal cross-border operations.",TRUE
電子スクーター,REVIEW,license_or_certification_required,title,contains,shopee_policy,"LIC-006; Category: Personal mobility devices; title alone cannot determine the product body; physical target is company-policy BLOCK in normal cross-border operations.",TRUE
ホバーボード,REVIEW,license_or_certification_required,title,contains,shopee_policy,"LIC-006; Category: Personal mobility devices; title alone cannot determine the product body; physical target is company-policy BLOCK in normal cross-border operations.",TRUE
電動自転車,REVIEW,license_or_certification_required,title,contains,shopee_policy,"LIC-006; Category: Personal mobility devices; title alone cannot determine the product body; physical target is company-policy BLOCK in normal cross-border operations.",TRUE
self defence baton,REVIEW,license_or_certification_required,title,contains,shopee_policy,"LIC-007; Category: Self-defence products; title alone cannot determine the product body; physical target is company-policy BLOCK in normal cross-border operations.",TRUE
自己防衛用スティック,REVIEW,license_or_certification_required,title,contains,shopee_policy,"LIC-007; Category: Self-defence products; title alone cannot determine the product body; physical target is company-policy BLOCK in normal cross-border operations.",TRUE
護身用バトン,REVIEW,license_or_certification_required,title,contains,shopee_policy,"LIC-007; Category: Self-defence products; title alone cannot determine the product body; physical target is company-policy BLOCK in normal cross-border operations.",TRUE
contact lens,REVIEW,medical_or_therapeutic,title,contains,shopee_policy,SG2026 2(vii); レンズ本体か関連用品か未確定のため人間確認,TRUE
contact lenses,REVIEW,medical_or_therapeutic,title,contains,shopee_policy,SG2026 2(vii); レンズ本体か関連用品か未確定のため人間確認,TRUE
コンタクトレンズ,REVIEW,medical_or_therapeutic,title,contains,shopee_policy,SG2026 2(vii); レンズ本体か関連用品か未確定のため人間確認,TRUE
electronic cigarette,REVIEW,tobacco_or_vape,title,contains,shopee_policy,SG2026 2(xxv); 本体・専用品・禁止対象への該当性が語句だけでは未確定のため人間確認,TRUE
electronic cigarettes,REVIEW,tobacco_or_vape,title,contains,shopee_policy,SG2026 2(xxv); 本体・専用品・禁止対象への該当性が語句だけでは未確定のため人間確認,TRUE
electric cigarette,REVIEW,tobacco_or_vape,title,contains,shopee_policy,SG2026 2(xxv); 本体・専用品・禁止対象への該当性が語句だけでは未確定のため人間確認,TRUE
electric cigarettes,REVIEW,tobacco_or_vape,title,contains,shopee_policy,SG2026 2(xxv); 本体・専用品・禁止対象への該当性が語句だけでは未確定のため人間確認,TRUE
firearm,REVIEW,weapon,title,contains,shopee_policy,SG2026 2(xii); 武器・部品・レプリカ等の実体が未確定のため用途を人間確認,TRUE
firearms,REVIEW,weapon,title,contains,shopee_policy,SG2026 2(xii); 武器・部品・レプリカ等の実体が未確定のため用途を人間確認,TRUE
weapon parts,REVIEW,weapon,title,contains,shopee_policy,SG2026 2(xii); 武器・部品・レプリカ等の実体が未確定のため用途を人間確認,TRUE
replica weapon,REVIEW,weapon,title,contains,shopee_policy,SG2026 2(xii); 武器・部品・レプリカ等の実体が未確定のため用途を人間確認,TRUE
replica weapons,REVIEW,weapon,title,contains,shopee_policy,SG2026 2(xii); 武器・部品・レプリカ等の実体が未確定のため用途を人間確認,TRUE
pepper spray,REVIEW,weapon,title,contains,shopee_policy,SG2026 2(xii); 武器・部品・レプリカ等の実体が未確定のため用途を人間確認,TRUE
stun gun,REVIEW,weapon,title,contains,shopee_policy,SG2026 2(xii); 武器・部品・レプリカ等の実体が未確定のため用途を人間確認,TRUE
stun guns,REVIEW,weapon,title,contains,shopee_policy,SG2026 2(xii); 武器・部品・レプリカ等の実体が未確定のため用途を人間確認,TRUE
medical devices,REVIEW,license_or_certification_required,title,contains,shopee_policy,SG2026 2(vii); 医療機器本体・対象製品・許可要件が未確定のため人間確認,TRUE
medical supply,REVIEW,license_or_certification_required,title,contains,internal_rule,SG2026 2(vii)関連; 社内運用として医療機器等への該当性と許可要件を確認し医療用品を一律禁止しない,TRUE
prescription drug,REVIEW,license_or_certification_required,title,contains,shopee_policy,SG2026 2(vii); 処方薬本体か関連用品か未確定のため商品区分を人間確認,TRUE
prescription drugs,REVIEW,license_or_certification_required,title,contains,shopee_policy,SG2026 2(vii); 処方薬本体か関連用品か未確定のため商品区分を人間確認,TRUE
OTC drug,REVIEW,license_or_certification_required,title,contains,internal_rule,SG2026 2(vii)関連; 社内運用としてSGの商品分類と許可要件を確認しOTCを一律禁止しない,TRUE
OTC drugs,REVIEW,license_or_certification_required,title,contains,internal_rule,SG2026 2(vii)関連; 社内運用としてSGの商品分類と許可要件を確認しOTCを一律禁止しない,TRUE
quasi drug,REVIEW,medical_or_therapeutic,title,contains,internal_rule,社内保守運用; 日本の医薬部外品とSG禁止区分を同一視せず成分・用途・商品区分を人間確認,TRUE
quasi drugs,REVIEW,medical_or_therapeutic,title,contains,internal_rule,社内保守運用; 日本の医薬部外品とSG禁止区分を同一視せず成分・用途・商品区分を人間確認,TRUE
medicated,REVIEW,medical_or_therapeutic,title,contains,internal_rule,社内保守運用; 薬用表現だけではSG禁止を確定せず成分・効能・商品区分を人間確認,TRUE
medical claim,REVIEW,medical_or_therapeutic,title,contains,internal_rule,SG2026 2(xiv)(a)関連; 社内運用として対象商品区分と実際の効能表示を確認し語句だけで禁止claimを確定しない,TRUE
therapeutic claim,REVIEW,medical_or_therapeutic,title,contains,internal_rule,SG2026 2(xiv)(a)関連; 社内運用として対象商品区分と実際の効能表示を確認し語句だけで禁止claimを確定しない,TRUE
medicinal claim,REVIEW,medical_or_therapeutic,title,contains,internal_rule,SG2026 2(xiv)(a)関連; 社内運用として対象商品区分と実際の効能表示を確認し語句だけで禁止claimを確定しない,TRUE
pesticide,REVIEW,pesticide_or_hazardous,title,contains,shopee_policy,SG2026 2(xix); 薬剤本体・登録・使用対象が未確定のため人間確認し農薬を一律禁止しない,TRUE
pesticides,REVIEW,pesticide_or_hazardous,title,contains,shopee_policy,SG2026 2(xix); 薬剤本体・登録・使用対象が未確定のため人間確認し農薬を一律禁止しない,TRUE
insecticide,REVIEW,pesticide_or_hazardous,title,contains,shopee_policy,SG2026 2(xix); 薬剤本体・登録・使用対象が未確定のため人間確認し農薬を一律禁止しない,TRUE
insecticides,REVIEW,pesticide_or_hazardous,title,contains,shopee_policy,SG2026 2(xix); 薬剤本体・登録・使用対象が未確定のため人間確認し農薬を一律禁止しない,TRUE
chewing gum,REVIEW,food_restricted,title,contains,shopee_policy,SG2026 2(xiv)(f); 食用ガム本体か香り等の表現か未確定のため人間確認,TRUE
bubble gum,REVIEW,food_restricted,title,contains,shopee_policy,SG2026 2(xiv)(f); 食用ガム本体か香り等の表現か未確定のため人間確認,TRUE
チューイングガム,REVIEW,food_restricted,title,contains,shopee_policy,SG2026 2(xiv)(f); 食用ガム本体か香り等の表現か未確定のため人間確認,TRUE
used cosmetics,REVIEW,other,title,contains,shopee_policy,SG2026 2(iii); 化粧品への該当性と実際の使用状態が未確定のため人間確認,TRUE
used makeup,REVIEW,other,title,contains,shopee_policy,SG2026 2(iii); 化粧品への該当性と実際の使用状態が未確定のため人間確認,TRUE
使用済み化粧品,REVIEW,other,title,contains,shopee_policy,SG2026 2(iii); 化粧品への該当性と実際の使用状態が未確定のため人間確認,TRUE
alcoholic beverage,REVIEW,alcohol,title,contains,shopee_policy,SG2026 2(xiii); 飲用酒類への該当性とライセンス・Shopee承認が未確定のため人間確認,TRUE
alcoholic beverages,REVIEW,alcohol,title,contains,shopee_policy,SG2026 2(xiii); 飲用酒類への該当性とライセンス・Shopee承認が未確定のため人間確認,TRUE
water beads,REVIEW,other,title,contains,shopee_policy,SG2026 2(xxxiii); 子ども向け玩具等の危険対象への該当性が未確定のため用途を人間確認,TRUE
